{
  "bfo.basic-formal-ontology.2.owl.xml": {
    "ELReasoner": {
      "total_time": 0.018037796020507812,
      "average_time": 0.0005153656005859375,
      "std_dev": 0.00023753989425908707
    },
    "ELK": {
      "total_time": 0.02199530601501465,
      "average_time": 0.0006284373147147042,
      "std_dev": 0.0008051559201024168
    },
    "HermiT": {
      "total_time": 0.018207788467407227,
      "average_time": 0.0005202225276402065,
      "std_dev": 0.00024193820777340116
    }
  },
  "pizza.owl.xml": {
    "ELReasoner": {
      "total_time": 0.1496424674987793,
      "average_time": 0.0015115400757452454,
      "std_dev": 0.0007465451210376876
    },
    "ELK": {
      "total_time": 0.0729837417602539,
      "average_time": 0.0007372095127298374,
      "std_dev": 0.002258313328181212
    },
    "HermiT": {
      "total_time": 0.1513230800628662,
      "average_time": 0.0015285159602309718,
      "std_dev": 0.0005843275098978095
    }
  },
  "Skin_Physiology_Ontology_2.0.owl.xml": {
    "ELReasoner": {
      "total_time": 0.6194665431976318,
      "average_time": 0.0018273349356862296,
      "std_dev": 0.0011576368240163932
    },
    "ELK": {
      "total_time": 0.18344807624816895,
      "average_time": 0.0005411447676937137,
      "std_dev": 0.0015378596011826687
    },
    "HermiT": {
      "total_time": 0.5906527042388916,
      "average_time": 0.0017423383605867009,
      "std_dev": 0.0006399130188246173
    }
  },
  "foodon.foodon.1.owl.xml": {
    "ELReasoner": {
      "total_time": 129.73752903938293,
      "average_time": 0.012956908922339253,
      "std_dev": 0.0023637473473814854
    },
    "ELK": {
      "total_time": 4.7248146533966064,
      "average_time": 0.0004718680368917014,
      "std_dev": 0.003399438146802496
    },
    "HermiT": {
      "total_time": 132.8887996673584,
      "average_time": 0.013271626851828464,
      "std_dev": 0.0024846134079002454
    }
  },
  "ico.informed-consent-ontology.9.owl.xml": {
    "ELReasoner": {
      "total_time": 5.256695508956909,
      "average_time": 0.012947525884130319,
      "std_dev": 0.0038068286032134045
    },
    "ELK": {
      "total_time": 0.16418671607971191,
      "average_time": 0.00040440077852145793,
      "std_dev": 0.0012567041008229615
    },
    "HermiT": {
      "total_time": 5.331104278564453,
      "average_time": 0.013130798715675993,
      "std_dev": 0.0022695975557566407
    }
  },
  "doid.human-disease-ontology.589.owl.xml": {
    "ELReasoner": {
      "total_time": 133.71487617492676,
      "average_time": 0.016235414785688046,
      "std_dev": 0.0024642096439707085
    },
    "ELK": {
      "total_time": 2.862513780593872,
      "average_time": 0.0003475611681148461,
      "std_dev": 0.001343118405165005
    },
    "HermiT": {
      "total_time": 135.08418083190918,
      "average_time": 0.016401673243310974,
      "std_dev": 0.0022853613320399507
    }
  },
  "OUR_burger_ontology.owl.xml": {
    "ELReasoner": {
      "total_time": 0.7273626327514648,
      "average_time": 0.015153388182322184,
      "std_dev": 0.0013930547630897445
    },
    "ELK": {
      "total_time": 0.030506134033203125,
      "average_time": 0.0006355444590250651,
      "std_dev": 0.0016207870222034915
    },
    "HermiT": {
      "total_time": 0.7138404846191406,
      "average_time": 0.014871676762898764,
      "std_dev": 0.0013813050951353005
    }
  },
  "eco.evidence-and-conclusion-ontology.49.owl.xml": {
    "ELReasoner": {
      "total_time": 14.290711164474487,
      "average_time": 0.016655840518035533,
      "std_dev": 0.002344606127141143
    },
    "ELK": {
      "total_time": 0.3062450885772705,
      "average_time": 0.00035692900766581647,
      "std_dev": 0.000890538533961103
    },
    "HermiT": {
      "total_time": 14.631552696228027,
      "average_time": 0.017053091720545487,
      "std_dev": 0.0025587008749207926
    }
  },
  "amino-acid.amino-acid-ontology.2.owl.xml": {
    "ELReasoner": {
      "total_time": 0.7818605899810791,
      "average_time": 0.016996969347414764,
      "std_dev": 0.002699232304535609
    },
    "ELK": {
      "total_time": 0.026123762130737305,
      "average_time": 0.0005679078724073327,
      "std_dev": 0.0013733089126390329
    },
    "HermiT": {
      "total_time": 0.779433012008667,
      "average_time": 0.01694419591323189,
      "std_dev": 0.0022446327293558907
    }
  }
}