{
  "bfo.basic-formal-ontology.2.owl.xml": {
    "ELReasoner": {
      "total_time": 0.011680126190185547,
      "average_time": 0.0003337178911481585,
      "std_dev": 0.0001536614950225991
    },
    "ELK": {
      "total_time": 0.009223222732543945,
      "average_time": 0.00026352064950125556,
      "std_dev": 0.0006718480791211765
    }
  },
  "pizza.owl.xml": {
    "ELReasoner": {
      "total_time": 0.07548809051513672,
      "average_time": 0.0007625059647993608,
      "std_dev": 0.00033718955766036716
    },
    "ELK": {
      "total_time": 0.03281855583190918,
      "average_time": 0.00033150056395867857,
      "std_dev": 0.0013890253930715856
    }
  },
  "Skin_Physiology_Ontology_2.0.owl.xml": {
    "ELReasoner": {
      "total_time": 0.5138988494873047,
      "average_time": 0.001515925809697064,
      "std_dev": 0.0010329954175822905
    },
    "ELK": {
      "total_time": 0.10013985633850098,
      "average_time": 0.0002953978063082625,
      "std_dev": 0.0012399864235608604
    }
  },
  "foodon.foodon.1.owl.xml": {
    "ELReasoner": {
      "total_time": 91.65660238265991,
      "average_time": 0.009153760349811236,
      "std_dev": 0.0029513762170027043
    },
    "ELK": {
      "total_time": 4.693150520324707,
      "average_time": 0.00046870573457751994,
      "std_dev": 0.0025716701949203267
    }
  }
}