{
  "bfo.basic-formal-ontology.2.owl.xml": {
    "ELReasoner": {
      "total_time": 0.015828371047973633,
      "average_time": 0.00045223917279924665,
      "std_dev": 0.00013536150508521055
    },
    "ELK": {
      "total_time": 0.17054963111877441,
      "average_time": 0.004872846603393555,
      "std_dev": 0.020825369339916397
    },
    "HermiT": {
      "total_time": 0.018796682357788086,
      "average_time": 0.0005370480673653738,
      "std_dev": 0.00022674992747238366
    }
  }
}